NYITÓLAP/LABDARÚGÁS/VIRTUÁLIS,LABDARÚGÁS,,,,,,,,,
Virtuális,Labdarúgás,Liga,Mód,Retail,19337,,,,,
Áttekint,H2H,Meccsek,Tabellák,Csapatok,Archív,,,,,
archív,,,,,,,,,,
Virtuális,Labdarúgás,Liga,Mód,Retail,19337,,,,,
Virtuális,Labdarúgás,Liga,Mód,Retail,19336,,,,,
Virtuális,Labdarúgás,Liga,Mód,Retail,19335,,,,,
Virtuális,Labdarúgás,Liga,Mód,Retail,19334,,,,,
Virtuális,Labdarúgás,Liga,Mód,Retail,19333,,,,,
Virtuális,Labdarúgás,Liga,Mód,Retail,19332,,,,,
Virtuális,Labdarúgás,Liga,Mód,Retail,19331,,,,,
Virtuális,Labdarúgás,Liga,Mód,Retail,19330,,,,,
Virtuális,Labdarúgás,Liga,Mód,Retail,19329,,,,,
Virtuális,Labdarúgás,Liga,Mód,Retail,19328,,,,,
Virtuális,Labdarúgás,Liga,Mód,Retail,19327,,,,,
Virtuális,Labdarúgás,Liga,Mód,Retail,19326,,,,,
Virtuális,Labdarúgás,Liga,Mód,Retail,19325,,,,,
Virtuális,Labdarúgás,Liga,Mód,Retail,19324,,,,,
Virtuális,Labdarúgás,Liga,Mód,Retail,19323,,,,,
Virtuális,Labdarúgás,Liga,Mód,Retail,19322Szezon,Győztes,Második,hely,Harmadik,hely
Manchester,Kék,,,,,,,,,
Vörös,Ördögök,,,,,,,,,
Tottenham,,,,,,,,,,
Liverpool,,,,,,,,,,
Chelsea,,,,,,,,,,
Tottenham,,,,,,,,,,
Everton,,,,,,,,,,
Vörös,Ördögök,,,,,,,,,
Chelsea,,,,,,,,,,
Chelsea,,,,,,,,,,
Manchester,Kék,,,,,,,,,
London,Ágyúk,,,,,,,,,
Chelsea,,,,,,,,,,
Manchester,Kék,,,,,,,,,
Liverpool,,,,,,,,,,
Manchester,Kék,,,,,,,,,
Chelsea,,,,,,,,,,
Liverpool,,,,,,,,,,
Vörös,Ördögök,,,,,,,,,
Manchester,Kék,,,,,,,,,
Tottenham,,,,,,,,,,
London,Ágyúk,,,,,,,,,
Chelsea,,,,,,,,,,
Everton,,,,,,,,,,
Liverpool,,,,,,,,,,
Vörös,Ördögök,,,,,,,,,
London,Ágyúk,,,,,,,,,
Everton,,,,,,,,,,
Manchester,Kék,,,,,,,,,
Vörös,Ördögök,,,,,,,,,
Liverpool,,,,,,,,,,
Chelsea,,,,,,,,,,
London,Ágyúk,,,,,,,,,
Liverpool,,,,,,,,,,
Everton,,,,,,,,,,
Tottenham,,,,,,,,,,
Chelsea,,,,,,,,,,
Vörös,Ördögök,,,,,,,,,
Manchester,Kék,,,,,,,,,
Liverpool,,,,,,,,,,
Manchester,Kék,,,,,,,,,
Vörös,Ördögök,,,,,,,,,
Chelsea,,,,,,,,,,
Tottenham,,,,,,,,,,
LiverpoolVirtuális,Labdarúgás,Liga,Mód,Retail,19321,,,,,
Virtuális,Labdarúgás,Liga,Mód,Retail,19320,,,,,
Virtuális,Labdarúgás,Liga,Mód,Retail,19319,,,,,
Virtuális,Labdarúgás,Liga,Mód,Retail,19318,,,,,
Virtuális,Labdarúgás,Liga,Mód,Retail,19317,,,,,
Virtuális,Labdarúgás,Liga,Mód,Retail,19316,,,,,
Virtuális,Labdarúgás,Liga,Mód,Retail,19315,,,,,
Virtuális,Labdarúgás,Liga,Mód,Retail,19314,,,,,
Virtuális,Labdarúgás,Liga,Mód,Retail,19313,,,,,
Virtuális,Labdarúgás,Liga,Mód,Retail,19312,,,,,
Virtuális,Labdarúgás,Liga,Mód,Retail,19311,,,,,
Virtuális,Labdarúgás,Liga,Mód,Retail,19310,,,,,
Virtuális,Labdarúgás,Liga,Mód,Retail,19309,,,,,
Virtuális,Labdarúgás,Liga,Mód,Retail,19308,,,,,
Virtuális,Labdarúgás,Liga,Mód,Retail,19307,,,,,
Virtuális,Labdarúgás,Liga,Mód,Retail,19306,,,,,
Virtuális,Labdarúgás,Liga,Mód,Retail,19305,,,,,
Virtuális,Labdarúgás,Liga,Mód,Retail,19304,,,,,
Virtuális,Labdarúgás,Liga,Mód,Retail,19303,,,,,
Virtuális,Labdarúgás,Liga,Mód,Retail,19302Szezon,Győztes,Második,hely,Harmadik,hely
Manchester,Kék,,,,,,,,,
Liverpool,,,,,,,,,,
Everton,,,,,,,,,,
Manchester,Kék,,,,,,,,,
Vörös,Ördögök,,,,,,,,,
Liverpool,,,,,,,,,,
Liverpool,,,,,,,,,,
Manchester,Kék,,,,,,,,,
Everton,,,,,,,,,,
Liverpool,,,,,,,,,,
Vörös,Ördögök,,,,,,,,,
Manchester,Kék,,,,,,,,,
Chelsea,,,,,,,,,,
London,Ágyúk,,,,,,,,,
Vörös,Ördögök,,,,,,,,,
Vörös,Ördögök,,,,,,,,,
Manchester,Kék,,,,,,,,,
Brentford,,,,,,,,,,
Vörös,Ördögök,,,,,,,,,
Everton,,,,,,,,,,
Tottenham,,,,,,,,,,
Tottenham,,,,,,,,,,
Everton,,,,,,,,,,
Chelsea,,,,,,,,,,
Manchester,Kék,,,,,,,,,
Liverpool,,,,,,,,,,
Vörös,Ördögök,,,,,,,,,
Manchester,Kék,,,,,,,,,
Vörös,Ördögök,,,,,,,,,
Everton,,,,,,,,,,
Liverpool,,,,,,,,,,
Manchester,Kék,,,,,,,,,
Chelsea,,,,,,,,,,
Chelsea,,,,,,,,,,
Manchester,Kék,,,,,,,,,
Liverpool,,,,,,,,,,
Vörös,Ördögök,,,,,,,,,
Chelsea,,,,,,,,,,
Tottenham,,,,,,,,,,
Tottenham,,,,,,,,,,
Liverpool,,,,,,,,,,
Chelsea,,,,,,,,,,
Manchester,Kék,,,,,,,,,
Tottenham,,,,,,,,,,
Chelsea,,,,,,,,,,
Chelsea,,,,,,,,,,
Liverpool,,,,,,,,,,
London,Ágyúk,,,,,,,,,
Manchester,Kék,,,,,,,,,
London,Ágyúk,,,,,,,,,
Tottenham,,,,,,,,,,
Vörös,Ördögök,,,,,,,,,
Chelsea,,,,,,,,,,
Manchester,Kék,,,,,,,,,
Liverpool,,,,,,,,,,
Everton,,,,,,,,,,
Manchester,Kék,,,,,,,,,
Manchester,Kék,,,,,,,,,
Tottenham,,,,,,,,,,
LiverpoolVirtuális,Labdarúgás,Liga,Mód,Retail,19301,,,,,
Virtuális,Labdarúgás,Liga,Mód,Retail,19300,,,,,
Virtuális,Labdarúgás,Liga,Mód,Retail,19299,,,,,
Virtuális,Labdarúgás,Liga,Mód,Retail,19298,,,,,
Virtuális,Labdarúgás,Liga,Mód,Retail,19297,,,,,
Virtuális,Labdarúgás,Liga,Mód,Retail,19296,,,,,
Virtuális,Labdarúgás,Liga,Mód,Retail,19295,,,,,
Virtuális,Labdarúgás,Liga,Mód,Retail,19294,,,,,
Virtuális,Labdarúgás,Liga,Mód,Retail,19293,,,,,
Virtuális,Labdarúgás,Liga,Mód,Retail,19292,,,,,
Virtuális,Labdarúgás,Liga,Mód,Retail,19291,,,,,
Virtuális,Labdarúgás,Liga,Mód,Retail,19290,,,,,
Virtuális,Labdarúgás,Liga,Mód,Retail,19289,,,,,
Virtuális,Labdarúgás,Liga,Mód,Retail,19288,,,,,
Virtuális,Labdarúgás,Liga,Mód,Retail,19287,,,,,
Virtuális,Labdarúgás,Liga,Mód,Retail,19286,,,,,
Virtuális,Labdarúgás,Liga,Mód,Retail,19285,,,,,
Virtuális,Labdarúgás,Liga,Mód,Retail,19284,,,,,
Virtuális,Labdarúgás,Liga,Mód,Retail,19283,,,,,
Virtuális,Labdarúgás,Liga,Mód,Retail,19282Szezon,Győztes,Második,hely,Harmadik,hely
Manchester,Kék,,,,,,,,,
Chelsea,,,,,,,,,,
Tottenham,,,,,,,,,,
London,Ágyúk,,,,,,,,,
Manchester,Kék,,,,,,,,,
Liverpool,,,,,,,,,,
Chelsea,,,,,,,,,,
Liverpool,,,,,,,,,,
London,Ágyúk,,,,,,,,,
Chelsea,,,,,,,,,,
London,Ágyúk,,,,,,,,,
Tottenham,,,,,,,,,,
Chelsea,,,,,,,,,,
Liverpool,,,,,,,,,,
Manchester,Kék,,,,,,,,,
Chelsea,,,,,,,,,,
Manchester,Kék,,,,,,,,,
Liverpool,,,,,,,,,,
Manchester,Kék,,,,,,,,,
Chelsea,,,,,,,,,,
Liverpool,,,,,,,,,,
Vörös,Ördögök,,,,,,,,,
Manchester,Kék,,,,,,,,,
Chelsea,,,,,,,,,,
Manchester,Kék,,,,,,,,,
London,Ágyúk,,,,,,,,,
Liverpool,,,,,,,,,,
Vörös,Ördögök,,,,,,,,,
Liverpool,,,,,,,,,,
Chelsea,,,,,,,,,,
Tottenham,,,,,,,,,,
Manchester,Kék,,,,,,,,,
Everton,,,,,,,,,,
Liverpool,,,,,,,,,,
Manchester,Kék,,,,,,,,,
London,Ágyúk,,,,,,,,,
Manchester,Kék,,,,,,,,,
Everton,,,,,,,,,,
Chelsea,,,,,,,,,,
Chelsea,,,,,,,,,,
London,Ágyúk,,,,,,,,,
Liverpool,,,,,,,,,,
Liverpool,,,,,,,,,,
Chelsea,,,,,,,,,,
Manchester,Kék,,,,,,,,,
Vörös,Ördögök,,,,,,,,,
Everton,,,,,,,,,,
Chelsea,,,,,,,,,,
Chelsea,,,,,,,,,,
Liverpool,,,,,,,,,,
Manchester,Kék,,,,,,,,,
Liverpool,,,,,,,,,,
Manchester,Kék,,,,,,,,,
Chelsea,,,,,,,,,,
Vörös,Ördögök,,,,,,,,,
Chelsea,,,,,,,,,,
Manchester,Kék,,,,,,,,,
Liverpool,,,,,,,,,,
Everton,,,,,,,,,,
ChelseaVirtuális,Labdarúgás,Liga,Mód,Retail,19281,,,,,
Virtuális,Labdarúgás,Liga,Mód,Retail,19280,,,,,
Virtuális,Labdarúgás,Liga,Mód,Retail,19279,,,,,
Virtuális,Labdarúgás,Liga,Mód,Retail,19278,,,,,
Virtuális,Labdarúgás,Liga,Mód,Retail,19277,,,,,
Virtuális,Labdarúgás,Liga,Mód,Retail,19276,,,,,
Virtuális,Labdarúgás,Liga,Mód,Retail,19275,,,,,
Virtuális,Labdarúgás,Liga,Mód,Retail,19274,,,,,
Virtuális,Labdarúgás,Liga,Mód,Retail,19273,,,,,
Virtuális,Labdarúgás,Liga,Mód,Retail,19272,,,,,
Virtuális,Labdarúgás,Liga,Mód,Retail,19271,,,,,
Virtuális,Labdarúgás,Liga,Mód,Retail,19270,,,,,
Virtuális,Labdarúgás,Liga,Mód,Retail,19269,,,,,
Virtuális,Labdarúgás,Liga,Mód,Retail,19268,,,,,
Virtuális,Labdarúgás,Liga,Mód,Retail,19267,,,,,
Virtuális,Labdarúgás,Liga,Mód,Retail,19266,,,,,
Virtuális,Labdarúgás,Liga,Mód,Retail,19265,,,,,
Virtuális,Labdarúgás,Liga,Mód,Retail,19264,,,,,
Virtuális,Labdarúgás,Liga,Mód,Retail,19263,,,,,
Virtuális,Labdarúgás,Liga,Mód,Retail,19262Szezon,Győztes,Második,hely,Harmadik,hely
Chelsea,,,,,,,,,,
Manchester,Kék,,,,,,,,,
London,Ágyúk,,,,,,,,,
Everton,,,,,,,,,,
Liverpool,,,,,,,,,,
Manchester,Kék,,,,,,,,,
Manchester,Kék,,,,,,,,,
Liverpool,,,,,,,,,,
Tottenham,,,,,,,,,,
Manchester,Kék,,,,,,,,,
Vörös,Ördögök,,,,,,,,,
Liverpool,,,,,,,,,,
Chelsea,,,,,,,,,,
Vörös,Ördögök,,,,,,,,,
Manchester,Kék,,,,,,,,,
Manchester,Kék,,,,,,,,,
Vörös,Ördögök,,,,,,,,,
Chelsea,,,,,,,,,,
Manchester,Kék,,,,,,,,,
Liverpool,,,,,,,,,,
Vörös,Ördögök,,,,,,,,,
Everton,,,,,,,,,,
Liverpool,,,,,,,,,,
London,Ágyúk,,,,,,,,,
Vörös,Ördögök,,,,,,,,,
Liverpool,,,,,,,,,,
Manchester,Kék,,,,,,,,,
Manchester,Kék,,,,,,,,,
Tottenham,,,,,,,,,,
Vörös,Ördögök,,,,,,,,,
Vörös,Ördögök,,,,,,,,,
Manchester,Kék,,,,,,,,,
Chelsea,,,,,,,,,,
Tottenham,,,,,,,,,,
Vörös,Ördögök,,,,,,,,,
Manchester,Kék,,,,,,,,,
Chelsea,,,,,,,,,,
Tottenham,,,,,,,,,,
Manchester,Kék,,,,,,,,,
Liverpool,,,,,,,,,,
Chelsea,,,,,,,,,,
Tottenham,,,,,,,,,,
Manchester,Kék,,,,,,,,,
London,Ágyúk,,,,,,,,,
Chelsea,,,,,,,,,,
Chelsea,,,,,,,,,,
Manchester,Kék,,,,,,,,,
Vörös,Ördögök,,,,,,,,,
Manchester,Kék,,,,,,,,,
Chelsea,,,,,,,,,,
London,Ágyúk,,,,,,,,,
Chelsea,,,,,,,,,,
Vörös,Ördögök,,,,,,,,,
Everton,,,,,,,,,,
Manchester,Kék,,,,,,,,,
Liverpool,,,,,,,,,,
Vörös,Ördögök,,,,,,,,,
Manchester,Kék,,,,,,,,,
Liverpool,,,,,,,,,,
ChelseaVirtuális,Labdarúgás,Liga,Mód,Retail,19261,,,,,
Virtuális,Labdarúgás,Liga,Mód,Retail,19260,,,,,
Virtuális,Labdarúgás,Liga,Mód,Retail,19259,,,,,
Virtuális,Labdarúgás,Liga,Mód,Retail,19258,,,,,
Virtuális,Labdarúgás,Liga,Mód,Retail,19257,,,,,
Virtuális,Labdarúgás,Liga,Mód,Retail,19256,,,,,
Virtuális,Labdarúgás,Liga,Mód,Retail,19255,,,,,
Virtuális,Labdarúgás,Liga,Mód,Retail,19254,,,,,
Virtuális,Labdarúgás,Liga,Mód,Retail,19253Szezon,Győztes,Második,hely,Harmadik,hely
Tottenham,,,,,,,,,,
Vörös,Ördögök,,,,,,,,,
Manchester,Kék,,,,,,,,,
Liverpool,,,,,,,,,,
Tottenham,,,,,,,,,,
Vörös,Ördögök,,,,,,,,,
Vörös,Ördögök,,,,,,,,,
Manchester,Kék,,,,,,,,,
Liverpool,,,,,,,,,,
Manchester,Kék,,,,,,,,,
Chelsea,,,,,,,,,,
Liverpool,,,,,,,,,,
Everton,,,,,,,,,,
Manchester,Kék,,,,,,,,,
Chelsea,,,,,,,,,,
Vörös,Ördögök,,,,,,,,,
Manchester,Kék,,,,,,,,,
Tottenham,,,,,,,,,,
Liverpool,,,,,,,,,,
London,Ágyúk,,,,,,,,,
Chelsea,,,,,,,,,,
Manchester,Kék,,,,,,,,,
Crystal,Palace,,,,,,,,,
Chelsea,,,,,,,,,,
Liverpool,,,,,,,,,,
Manchester,Kék,,,,,,,,,
Chelsea,,,,,,,,,,
Mutass,kevesebbet,,,,,,,,,
