NYITÓLAP/LABDARÚGÁS/VIRTUÁLIS,LABDARÚGÁS,,,,
Virtuális,Labdarúgás,Liga,Mód,Retail,19337
Áttekint,H2H,Meccsek,Tabellák,Csapatok,Archív
Virtuális,Labdarúgás,Liga,Mód,Retail,19337
Fordulók,Teljes,Menetrend,,,
November,2024,,,,
03/11/24,Félidő,RJ,,,
19:45,1:1,3:1,,,
19:45,0:0,1:0,,,
19:45,1:0,3:1,,,
19:45,0:0,0:0,,,
19:45,0:1,1:1,,,
19:45,0:2,1:3,,,
19:45,0:1,0:2,,,
19:45,0:0,2:0,,,
19:53,2:0,2:0,,,
19:53,0:0,0:0,,,
19:53,0:0,0:0,,,
19:53,3:0,5:0,,,
19:53,1:2,1:3,,,
19:53,0:0,1:0West,Ham,,
-,,,,,
Wolverhampton,,,,,
Liverpool,,,,,
-,,,,,
Newcastle,,,,,
Tottenham,,,,,
-,,,,,
Crystal,Palace,,,,
Brentford,,,,,
-,,,,,
Everton,,,,,
Chelsea,,,,,
-,,,,,
London,Ágyúk,,,,
Manchester,Kék,,,,
-,,,,,
Brighton,,,,,
Aston,Oroszlán,,,,
-,,,,,
Vörös,Ördögök,,,,
Fulham,,,,,
-,,,,,
Nottingham,,,,,
Everton,,,,,
-,,,,,
Aston,Oroszlán,,,,
Brighton,,,,,
-,,,,,
Chelsea,,,,,
Crystal,Palace,,,,
-,,,,,
Liverpool,,,,,
Wolverhampton,,,,,
-,,,,,
Fulham,,,,,
Vörös,Ördögök,,,,
-,,,,,
Manchester,Kék,,,,
London,Ágyúk,,,,
-,,,,,
West,Ham19:53,0:0,0:0,,
19:53,1:1,3:1,,,
20:00,0:0,2:0,,,
20:00,2:0,2:2,,,
20:00,3:1,6:1,,,
20:00,0:0,0:0,,,
20:00,0:0,2:0,,,
20:00,0:1,1:1,,,
20:00,1:0,1:0,,,
20:00,2:0,3:0,,,
20:07,1:1,1:3,,,
20:07,1:0,3:1,,,
20:07,1:1,2:2,,,
20:07,3:0,3:0,,,
20:07,0:1,0:1,,,
20:07,0:0,1:0,,,
20:07,0:0,0:0,,,
20:07,1:0,2:1,,,
20:15,3:0,4:0,,,
20:15,1:1,2:1,,,
20:15,1:0,2:1Nottingham,,,
-,,,,,
Tottenham,,,,,
Newcastle,,,,,
-,,,,,
Brentford,,,,,
Liverpool,,,,,
-,,,,,
Nottingham,,,,,
Vörös,Ördögök,,,,
-,,,,,
Brighton,,,,,
Manchester,Kék,,,,
-,,,,,
Everton,,,,,
West,Ham,,,,
-,,,,,
Chelsea,,,,,
Aston,Oroszlán,,,,
-,,,,,
Newcastle,,,,,
Fulham,,,,,
-,,,,,
London,Ágyúk,,,,
Brentford,,,,,
-,,,,,
Crystal,Palace,,,,
Tottenham,,,,,
-,,,,,
Wolverhampton,,,,,
Wolverhampton,,,,,
-,,,,,
Liverpool,,,,,
Chelsea,,,,,
-,,,,,
Fulham,,,,,
London,Ágyúk,,,,
-,,,,,
Tottenham,,,,,
Everton,,,,,
-,,,,,
Vörös,Ördögök,,,,
Nottingham,,,,,
-,,,,,
Brentford,,,,,
Brighton,,,,,
-,,,,,
West,Ham,,,,
Newcastle,,,,,
-,,,,,
Manchester,Kék,,,,
Crystal,Palace,,,,
-,,,,,
Aston,Oroszlán,,,,
Vörös,Ördögök,,,,
-,,,,,
Newcastle,,,,,
Manchester,Kék,,,,
-,,,,,
Crystal,Palace,,,,
Everton,,,,,
-,,,,,
Brighton20:15,1:1,2:2,,,
20:15,0:0,0:0,,,
20:15,0:2,1:3,,,
20:15,1:0,2:0,,,
20:15,0:0,1:1,,,
20:22,0:1,0:1,,,
20:22,0:1,0:1,,,
20:22,1:1,1:2,,,
20:22,0:2,0:4,,,
20:22,1:0,3:2,,,
20:22,0:0,1:1,,,
20:22,1:0,2:0,,,
20:22,0:2,0:3,,,
20:29,0:1,0:1,,,
20:29,2:0,3:0,,,
20:29,3:0,5:0,,,
20:29,1:0,1:0,,,
20:29,1:0,2:1,,,
20:29,2:0,4:1,,,
20:29,0:1,2:1,,,
20:29,1:0,1:2Aston,Oroszlán,,
-,,,,,
Nottingham,,,,,
Tottenham,,,,,
-,,,,,
Chelsea,,,,,
Brentford,,,,,
-,,,,,
Wolverhampton,,,,,
Fulham,,,,,
-,,,,,
West,Ham,,,,
Liverpool,,,,,
-,,,,,
London,Ágyúk,,,,
West,Ham,,,,
-,,,,,
Tottenham,,,,,
Crystal,Palace,,,,
-,,,,,
Vörös,Ördögök,,,,
Brighton,,,,,
-,,,,,
Fulham,,,,,
Chelsea,,,,,
-,,,,,
Liverpool,,,,,
Wolverhampton,,,,,
-,,,,,
Aston,Oroszlán,,,,
Newcastle,,,,,
-,,,,,
Everton,,,,,
London,Ágyúk,,,,
-,,,,,
Brentford,,,,,
Nottingham,,,,,
-,,,,,
Manchester,Kék,,,,
Newcastle,,,,,
-,,,,,
Brighton,,,,,
Vörös,Ördögök,,,,
-,,,,,
Nottingham,,,,,
Liverpool,,,,,
-,,,,,
West,Ham,,,,
Tottenham,,,,,
-,,,,,
Fulham,,,,,
Manchester,Kék,,,,
-,,,,,
Wolverhampton,,,,,
Everton,,,,,
-,,,,,
Crystal,Palace,,,,
Aston,Oroszlán,,,,
-,,,,,
London,Ágyúk,,,,
Brentford,,,,,
-,,,,,
Chelsea20:37,-,-,,,
20:37,-,-,,,
20:37,-,-,,,
20:37,-,-,,,
20:37,-,-,,,
20:37,-,-,,,
20:37,-,-,,,
20:37,-,-,,,
20:44,-,-,,,
20:44,-,-,,,
20:44,-,-,,,
20:44,-,-,,,
20:44,-,-,,,
20:44,-,-,,,
20:44,-,-,,,
20:44,-,-,,,
20:51,-,-,,,
20:51,-,-,,,
20:51,-,-,,,
20:51,-,-,,,
20:51,-,-Brighton,,,
-,,,,,
Tottenham,,,,,
Chelsea,,,,,
-,,,,,
Aston,Oroszlán,,,,
West,Ham,,,,
-,,,,,
Brentford,,,,,
Crystal,Palace,,,,
-,,,,,
Newcastle,,,,,
Nottingham,,,,,
-,,,,,
Everton,,,,,
London,Ágyúk,,,,
-,,,,,
Manchester,Kék,,,,
Fulham,,,,,
-,,,,,
Liverpool,,,,,
Wolverhampton,,,,,
-,,,,,
Vörös,Ördögök,,,,
Everton,,,,,
-,,,,,
Wolverhampton,,,,,
Manchester,Kék,,,,
-,,,,,
Chelsea,,,,,
Newcastle,,,,,
-,,,,,
Nottingham,,,,,
Crystal,Palace,,,,
-,,,,,
Brighton,,,,,
Liverpool,,,,,
-,,,,,
Tottenham,,,,,
Vörös,Ördögök,,,,
-,,,,,
London,Ágyúk,,,,
Brentford,,,,,
-,,,,,
Fulham,,,,,
Aston,Oroszlán,,,,
-,,,,,
West,Ham,,,,
Tottenham,,,,,
-,,,,,
Brentford,,,,,
Fulham,,,,,
-,,,,,
Aston,Oroszlán,,,,
Nottingham,,,,,
-,,,,,
Crystal,Palace,,,,
London,Ágyúk,,,,
-,,,,,
Everton,,,,,
Chelsea,,,,,
-,,,,,
Vörös,Ördögök20:51,-,-,,
20:51,-,-,,,
20:51,-,-,,,
20:59,-,-,,,
20:59,-,-,,,
20:59,-,-,,,
20:59,-,-,,,
20:59,-,-,,,
20:59,-,-,,,
20:59,-,-,,,
20:59,-,-,,,
21:06,-,-,,,
21:06,-,-,,,
21:06,-,-,,,
21:06,-,-,,,
21:06,-,-,,,
21:06,-,-,,,
21:06,-,-,,,
21:06,-,-,,,
21:13,-,-,,,
21:13,-,-Brighton,,,
-,,,,,
Liverpool,,,,,
Wolverhampton,,,,,
-,,,,,
Newcastle,,,,,
West,Ham,,,,
-,,,,,
Manchester,Kék,,,,
Manchester,Kék,,,,
-,,,,,
Fulham,,,,,
Vörös,Ördögök,,,,
-,,,,,
West,Ham,,,,
Aston,Oroszlán,,,,
-,,,,,
Tottenham,,,,,
Nottingham,,,,,
-,,,,,
Brighton,,,,,
Newcastle,,,,,
-,,,,,
London,Ágyúk,,,,
Crystal,Palace,,,,
-,,,,,
Wolverhampton,,,,,
Brentford,,,,,
-,,,,,
Liverpool,,,,,
Everton,,,,,
-,,,,,
Chelsea,,,,,
Liverpool,,,,,
-,,,,,
Aston,Oroszlán,,,,
Wolverhampton,,,,,
-,,,,,
Nottingham,,,,,
London,Ágyúk,,,,
-,,,,,
Crystal,Palace,,,,
Fulham,,,,,
-,,,,,
Vörös,Ördögök,,,,
Tottenham,,,,,
-,,,,,
Manchester,Kék,,,,
West,Ham,,,,
-,,,,,
Everton,,,,,
Brighton,,,,,
-,,,,,
Brentford,,,,,
Chelsea,,,,,
-,,,,,
Newcastle,,,,,
Manchester,Kék,,,,
-,,,,,
Liverpool,,,,,
Crystal,Palace,,,,
-,,,,,
ChelseaTöbb,mutatása,,,,
